code,description,id,image_url,level,level_id,name,rank,scraped_at
generic-value-for-money,Get great value without compromise,76,uploads/features-and-benefits/Generic-Value-For-Money.png,class,1,Value For Money,1,2025-07-01T17:34:56.371112
generic-water-sustainable-choice,Make the switch to sustainable appliances and reduce your water usage. ,77,uploads/features-and-benefits/Generic-Water-Sustainable-Choice.png,class,1,Sustainable Choice,2,2025-07-01T17:34:56.371147
generic-energy-sustainable-choice,Make the switch to sustainable appliances and reduce your energy use,78,uploads/features-and-benefits/Generic-Energy-Sustainable-Choice.png,class,1,Sustainable Choice,3,2025-07-01T17:34:56.371149
generic-warranty-1-year,Enjoy peace of mind with a 12 month limited manufacturers warranty,79,uploads/features-and-benefits/Generic-Warranty-1-Year.png,class,1,Peace of Mind,4,2025-07-01T17:34:56.371151
generic-warranty-2-year,Enjoy peace of mind with a 24 month limited manufacturers warranty,80,uploads/features-and-benefits/Generic-Warranty-2-Year.png,class,1,Peace of Mind,5,2025-07-01T17:34:56.371152
generic-warranty-3-year,Enjoy peace of mind with a 3 year limited manufacturers warranty,81,uploads/features-and-benefits/Generic-Warranty-3-Year.png,class,1,Peace of Mind,6,2025-07-01T17:34:56.371154
generic-warranty-5-year,Enjoy peace of mind with a 5 year limited manufacturers warranty,82,uploads/features-and-benefits/Generic-Warranty-5-Year.png,class,1,Peace of Mind,7,2025-07-01T17:34:56.371155
generic-built-in-australia,Proudly built in Australia,83,uploads/features-and-benefits/Generic-Built-In-Australia.png,class,1,Built in Australia,8,2025-07-01T17:34:56.371156
generic-capacity-couples,Steamline your lifestyle with appliances perfect for small households,84,uploads/features-and-benefits/Generic-Capacity-Couples.png,class,1,Suitable for Couples,9,2025-07-01T17:34:56.371158
generic-capacity-small-family,Streamline your lifestyle with appliances designed for small families,85,uploads/features-and-benefits/Generic-Capacity-Small-Family.png,class,1,Suitable for Small Families,10,2025-07-01T17:34:56.371159
generic-capacity-medium-family,Streamline your lifestyle with appliances designed for busy families,86,uploads/features-and-benefits/Generic-Capacity-Medium-Family.png,class,1,Suitable for Medium Sized Families,11,2025-07-01T17:34:56.371161
generic-capacity-large-family,Streamline your lifestyle with appliances perfect for big families,87,uploads/features-and-benefits/Generic-Capacity-Large-Family.png,class,1,Suitable for Larger Families,12,2025-07-01T17:34:56.371162
generic-wifi,Ready to connect with your home Wi-Fi,88,uploads/features-and-benefits/Wifi.png,class,1,Built-in Wi-Fi,13,2025-07-01T17:34:56.371164
generic-value-for-money,Get great value without compromise,89,uploads/features-and-benefits/Generic-Value-For-Money.png,class,2,Value For Money,1,2025-07-01T17:34:57.167337
generic-water-sustainable-choice,Make the switch to sustainable appliances and reduce your water usage. ,90,uploads/features-and-benefits/Generic-Water-Sustainable-Choice.png,class,2,Sustainable Choice,2,2025-07-01T17:34:57.167370
generic-energy-sustainable-choice,Make the switch to sustainable appliances and reduce your energy use,91,uploads/features-and-benefits/Generic-Energy-Sustainable-Choice.png,class,2,Sustainable Choice,3,2025-07-01T17:34:57.167373
generic-warranty-1-year,Enjoy peace of mind with a 12 month limited manufacturers warranty,92,uploads/features-and-benefits/Generic-Warranty-1-Year.png,class,2,Peace of Mind,4,2025-07-01T17:34:57.167376
generic-warranty-2-year,Enjoy peace of mind with a 24 month limited manufacturers warranty,93,uploads/features-and-benefits/Generic-Warranty-2-Year.png,class,2,Peace of Mind,5,2025-07-01T17:34:57.167378
generic-warranty-3-year,Enjoy peace of mind with a 3 year limited manufacturers warranty,94,uploads/features-and-benefits/Generic-Warranty-3-Year.png,class,2,Peace of Mind,6,2025-07-01T17:34:57.167380
generic-warranty-5-year,Enjoy peace of mind with a 5 year limited manufacturers warranty,95,uploads/features-and-benefits/Generic-Warranty-5-Year.png,class,2,Peace of Mind,7,2025-07-01T17:34:57.167383
generic-built-in-australia,Proudly built in Australia,96,uploads/features-and-benefits/Generic-Built-In-Australia.png,class,2,Built in Australia,8,2025-07-01T17:34:57.167385
generic-capacity-couples,Steamline your lifestyle with appliances perfect for small households,97,uploads/features-and-benefits/Generic-Capacity-Couples.png,class,2,Suitable for Couples,9,2025-07-01T17:34:57.167388
generic-capacity-small-family,Streamline your lifestyle with appliances designed for small families,98,uploads/features-and-benefits/Generic-Capacity-Small-Family.png,class,2,Suitable for Small Families,10,2025-07-01T17:34:57.167389
generic-capacity-medium-family,Streamline your lifestyle with appliances designed for busy families,99,uploads/features-and-benefits/Generic-Capacity-Medium-Family.png,class,2,Suitable for Medium Sized Families,11,2025-07-01T17:34:57.167391
generic-capacity-large-family,Streamline your lifestyle with appliances perfect for big families,100,uploads/features-and-benefits/Generic-Capacity-Large-Family.png,class,2,Suitable for Larger Families,12,2025-07-01T17:34:57.167393
generic-wifi,Ready to connect with your home Wi-Fi,101,uploads/features-and-benefits/Wifi.png,class,2,Built-in Wi-Fi,13,2025-07-01T17:34:57.167395
generic-value-for-money,Get great value without compromise,102,uploads/features-and-benefits/Generic-Value-For-Money.png,class,4,Value For Money,1,2025-07-01T17:34:58.777325
generic-water-sustainable-choice,Make the switch to sustainable appliances and reduce your water usage. ,103,uploads/features-and-benefits/Generic-Water-Sustainable-Choice.png,class,4,Sustainable Choice,2,2025-07-01T17:34:58.777342
generic-energy-sustainable-choice,Make the switch to sustainable appliances and reduce your energy use,104,uploads/features-and-benefits/Generic-Energy-Sustainable-Choice.png,class,4,Sustainable Choice,3,2025-07-01T17:34:58.777344
generic-warranty-1-year,Enjoy peace of mind with a 12 month limited manufacturers warranty,105,uploads/features-and-benefits/Generic-Warranty-1-Year.png,class,4,Peace of Mind,4,2025-07-01T17:34:58.777346
generic-warranty-2-year,Enjoy peace of mind with a 24 month limited manufacturers warranty,106,uploads/features-and-benefits/Generic-Warranty-2-Year.png,class,4,Peace of Mind,5,2025-07-01T17:34:58.777348
generic-warranty-3-year,Enjoy peace of mind with a 3 year limited manufacturers warranty,107,uploads/features-and-benefits/Generic-Warranty-3-Year.png,class,4,Peace of Mind,6,2025-07-01T17:34:58.777349
generic-warranty-5-year,Enjoy peace of mind with a 5 year limited manufacturers warranty,108,uploads/features-and-benefits/Generic-Warranty-5-Year.png,class,4,Peace of Mind,7,2025-07-01T17:34:58.777351
generic-built-in-australia,Proudly built in Australia,109,uploads/features-and-benefits/Generic-Built-In-Australia.png,class,4,Built in Australia,8,2025-07-01T17:34:58.777353
generic-capacity-couples,Steamline your lifestyle with appliances perfect for small households,110,uploads/features-and-benefits/Generic-Capacity-Couples.png,class,4,Suitable for Couples,9,2025-07-01T17:34:58.777355
generic-capacity-small-family,Streamline your lifestyle with appliances designed for small families,111,uploads/features-and-benefits/Generic-Capacity-Small-Family.png,class,4,Suitable for Small Families,10,2025-07-01T17:34:58.777356
generic-capacity-medium-family,Streamline your lifestyle with appliances designed for busy families,112,uploads/features-and-benefits/Generic-Capacity-Medium-Family.png,class,4,Suitable for Medium Sized Families,11,2025-07-01T17:34:58.777358
generic-capacity-large-family,Streamline your lifestyle with appliances perfect for big families,113,uploads/features-and-benefits/Generic-Capacity-Large-Family.png,class,4,Suitable for Larger Families,12,2025-07-01T17:34:58.777359
generic-wifi,Ready to connect with your home Wi-Fi,114,uploads/features-and-benefits/Wifi.png,class,4,Built-in Wi-Fi,13,2025-07-01T17:34:58.777361
generic-value-for-money,Get great value without compromise,115,uploads/features-and-benefits/Generic-Value-For-Money.png,class,5,Value For Money,1,2025-07-01T17:34:59.587799
generic-water-sustainable-choice,Make the switch to sustainable appliances and reduce your water usage. ,116,uploads/features-and-benefits/Generic-Water-Sustainable-Choice.png,class,5,Sustainable Choice,2,2025-07-01T17:34:59.587814
generic-energy-sustainable-choice,Make the switch to sustainable appliances and reduce your energy use,117,uploads/features-and-benefits/Generic-Energy-Sustainable-Choice.png,class,5,Sustainable Choice,3,2025-07-01T17:34:59.587816
generic-warranty-1-year,Enjoy peace of mind with a 12 month limited manufacturers warranty,118,uploads/features-and-benefits/Generic-Warranty-1-Year.png,class,5,Peace of Mind,4,2025-07-01T17:34:59.587818
generic-warranty-2-year,Enjoy peace of mind with a 24 month limited manufacturers warranty,119,uploads/features-and-benefits/Generic-Warranty-2-Year.png,class,5,Peace of Mind,5,2025-07-01T17:34:59.587819
generic-warranty-3-year,Enjoy peace of mind with a 3 year limited manufacturers warranty,120,uploads/features-and-benefits/Generic-Warranty-3-Year.png,class,5,Peace of Mind,6,2025-07-01T17:34:59.587820
generic-warranty-5-year,Enjoy peace of mind with a 5 year limited manufacturers warranty,121,uploads/features-and-benefits/Generic-Warranty-5-Year.png,class,5,Peace of Mind,7,2025-07-01T17:34:59.587822
generic-built-in-australia,Proudly built in Australia,122,uploads/features-and-benefits/Generic-Built-In-Australia.png,class,5,Built in Australia,8,2025-07-01T17:34:59.587823
generic-capacity-couples,Steamline your lifestyle with appliances perfect for small households,123,uploads/features-and-benefits/Generic-Capacity-Couples.png,class,5,Suitable for Couples,9,2025-07-01T17:34:59.587825
generic-capacity-small-family,Streamline your lifestyle with appliances designed for small families,124,uploads/features-and-benefits/Generic-Capacity-Small-Family.png,class,5,Suitable for Small Families,10,2025-07-01T17:34:59.587826
generic-capacity-medium-family,Streamline your lifestyle with appliances designed for busy families,125,uploads/features-and-benefits/Generic-Capacity-Medium-Family.png,class,5,Suitable for Medium Sized Families,11,2025-07-01T17:34:59.587828
generic-capacity-large-family,Streamline your lifestyle with appliances perfect for big families,126,uploads/features-and-benefits/Generic-Capacity-Large-Family.png,class,5,Suitable for Larger Families,12,2025-07-01T17:34:59.587829
generic-wifi,Ready to connect with your home Wi-Fi,127,uploads/features-and-benefits/Wifi.png,class,5,Built-in Wi-Fi,13,2025-07-01T17:34:59.587830
generic-value-for-money,Get great value without compromise,128,uploads/features-and-benefits/Generic-Value-For-Money.png,class,6,Value For Money,1,2025-07-01T17:35:00.394942
generic-water-sustainable-choice,Make the switch to sustainable appliances and reduce your water usage. ,129,uploads/features-and-benefits/Generic-Water-Sustainable-Choice.png,class,6,Sustainable Choice,2,2025-07-01T17:35:00.394955
generic-energy-sustainable-choice,Make the switch to sustainable appliances and reduce your energy use,130,uploads/features-and-benefits/Generic-Energy-Sustainable-Choice.png,class,6,Sustainable Choice,3,2025-07-01T17:35:00.394956
generic-warranty-1-year,Enjoy peace of mind with a 12 month limited manufacturers warranty,131,uploads/features-and-benefits/Generic-Warranty-1-Year.png,class,6,Peace of Mind,4,2025-07-01T17:35:00.394957
generic-warranty-2-year,Enjoy peace of mind with a 24 month limited manufacturers warranty,132,uploads/features-and-benefits/Generic-Warranty-2-Year.png,class,6,Peace of Mind,5,2025-07-01T17:35:00.394958
generic-warranty-3-year,Enjoy peace of mind with a 3 year limited manufacturers warranty,133,uploads/features-and-benefits/Generic-Warranty-3-Year.png,class,6,Peace of Mind,6,2025-07-01T17:35:00.394960
generic-warranty-5-year,Enjoy peace of mind with a 5 year limited manufacturers warranty,134,uploads/features-and-benefits/Generic-Warranty-5-Year.png,class,6,Peace of Mind,7,2025-07-01T17:35:00.394961
generic-built-in-australia,Proudly built in Australia,135,uploads/features-and-benefits/Generic-Built-In-Australia.png,class,6,Built in Australia,8,2025-07-01T17:35:00.394962
generic-capacity-couples,Steamline your lifestyle with appliances perfect for small households,136,uploads/features-and-benefits/Generic-Capacity-Couples.png,class,6,Suitable for Couples,9,2025-07-01T17:35:00.394963
generic-capacity-small-family,Streamline your lifestyle with appliances designed for small families,137,uploads/features-and-benefits/Generic-Capacity-Small-Family.png,class,6,Suitable for Small Families,10,2025-07-01T17:35:00.394964
generic-capacity-medium-family,Streamline your lifestyle with appliances designed for busy families,138,uploads/features-and-benefits/Generic-Capacity-Medium-Family.png,class,6,Suitable for Medium Sized Families,11,2025-07-01T17:35:00.394965
generic-capacity-large-family,Streamline your lifestyle with appliances perfect for big families,139,uploads/features-and-benefits/Generic-Capacity-Large-Family.png,class,6,Suitable for Larger Families,12,2025-07-01T17:35:00.394966
generic-wifi,Ready to connect with your home Wi-Fi,140,uploads/features-and-benefits/Wifi.png,class,6,Built-in Wi-Fi,13,2025-07-01T17:35:00.394967
generic-value-for-money,Get great value without compromise,141,uploads/features-and-benefits/Generic-Value-For-Money.png,class,7,Value For Money,1,2025-07-01T17:35:01.204688
generic-water-sustainable-choice,Make the switch to sustainable appliances and reduce your water usage. ,142,uploads/features-and-benefits/Generic-Water-Sustainable-Choice.png,class,7,Sustainable Choice,2,2025-07-01T17:35:01.204717
generic-energy-sustainable-choice,Make the switch to sustainable appliances and reduce your energy use,143,uploads/features-and-benefits/Generic-Energy-Sustainable-Choice.png,class,7,Sustainable Choice,3,2025-07-01T17:35:01.204720
generic-warranty-1-year,Enjoy peace of mind with a 12 month limited manufacturers warranty,144,uploads/features-and-benefits/Generic-Warranty-1-Year.png,class,7,Peace of Mind,4,2025-07-01T17:35:01.204724
generic-warranty-2-year,Enjoy peace of mind with a 24 month limited manufacturers warranty,145,uploads/features-and-benefits/Generic-Warranty-2-Year.png,class,7,Peace of Mind,5,2025-07-01T17:35:01.204731
generic-warranty-3-year,Enjoy peace of mind with a 3 year limited manufacturers warranty,146,uploads/features-and-benefits/Generic-Warranty-3-Year.png,class,7,Peace of Mind,6,2025-07-01T17:35:01.204735
generic-warranty-5-year,Enjoy peace of mind with a 5 year limited manufacturers warranty,147,uploads/features-and-benefits/Generic-Warranty-5-Year.png,class,7,Peace of Mind,7,2025-07-01T17:35:01.204738
generic-built-in-australia,Proudly built in Australia,148,uploads/features-and-benefits/Generic-Built-In-Australia.png,class,7,Built in Australia,8,2025-07-01T17:35:01.204741
generic-capacity-couples,Steamline your lifestyle with appliances perfect for small households,149,uploads/features-and-benefits/Generic-Capacity-Couples.png,class,7,Suitable for Couples,9,2025-07-01T17:35:01.204745
generic-capacity-small-family,Streamline your lifestyle with appliances designed for small families,150,uploads/features-and-benefits/Generic-Capacity-Small-Family.png,class,7,Suitable for Small Families,10,2025-07-01T17:35:01.204748
generic-capacity-medium-family,Streamline your lifestyle with appliances designed for busy families,151,uploads/features-and-benefits/Generic-Capacity-Medium-Family.png,class,7,Suitable for Medium Sized Families,11,2025-07-01T17:35:01.204751
generic-capacity-large-family,Streamline your lifestyle with appliances perfect for big families,152,uploads/features-and-benefits/Generic-Capacity-Large-Family.png,class,7,Suitable for Larger Families,12,2025-07-01T17:35:01.204755
generic-wifi,Ready to connect with your home Wi-Fi,153,uploads/features-and-benefits/Wifi.png,class,7,Built-in Wi-Fi,13,2025-07-01T17:35:01.204764
dish-cutlery,Seperate your cutlery onto a rack to improve cleaning,154,uploads/features-and-benefits/Dish-Cutlery.png,class,7,Cutlery Rack,14,2025-07-01T17:35:01.204767
dish-door-open,Improves the drying cycle by opening the door at the end of the cycle,155,uploads/features-and-benefits/Dish-Door-Open.png,class,7,Door Open,15,2025-07-01T17:35:01.204770
dish-integrated,Install you own cabinetry panel to give you a seamless design in your new kitchen,156,uploads/features-and-benefits/Dish-Integrated.png,class,7,Inergrated,16,2025-07-01T17:35:01.204773
generic-value-for-money,Get great value without compromise,157,uploads/features-and-benefits/Generic-Value-For-Money.png,class,8,Value For Money,1,2025-07-01T17:35:02.016003
generic-water-sustainable-choice,Make the switch to sustainable appliances and reduce your water usage. ,158,uploads/features-and-benefits/Generic-Water-Sustainable-Choice.png,class,8,Sustainable Choice,2,2025-07-01T17:35:02.016022
generic-energy-sustainable-choice,Make the switch to sustainable appliances and reduce your energy use,159,uploads/features-and-benefits/Generic-Energy-Sustainable-Choice.png,class,8,Sustainable Choice,3,2025-07-01T17:35:02.016024
generic-warranty-1-year,Enjoy peace of mind with a 12 month limited manufacturers warranty,160,uploads/features-and-benefits/Generic-Warranty-1-Year.png,class,8,Peace of Mind,4,2025-07-01T17:35:02.016025
generic-warranty-2-year,Enjoy peace of mind with a 24 month limited manufacturers warranty,161,uploads/features-and-benefits/Generic-Warranty-2-Year.png,class,8,Peace of Mind,5,2025-07-01T17:35:02.016027
generic-warranty-3-year,Enjoy peace of mind with a 3 year limited manufacturers warranty,162,uploads/features-and-benefits/Generic-Warranty-3-Year.png,class,8,Peace of Mind,6,2025-07-01T17:35:02.016028
generic-warranty-5-year,Enjoy peace of mind with a 5 year limited manufacturers warranty,163,uploads/features-and-benefits/Generic-Warranty-5-Year.png,class,8,Peace of Mind,7,2025-07-01T17:35:02.016029
generic-built-in-australia,Proudly built in Australia,164,uploads/features-and-benefits/Generic-Built-In-Australia.png,class,8,Built in Australia,8,2025-07-01T17:35:02.016031
generic-capacity-couples,Steamline your lifestyle with appliances perfect for small households,165,uploads/features-and-benefits/Generic-Capacity-Couples.png,class,8,Suitable for Couples,9,2025-07-01T17:35:02.016033
generic-capacity-small-family,Streamline your lifestyle with appliances designed for small families,166,uploads/features-and-benefits/Generic-Capacity-Small-Family.png,class,8,Suitable for Small Families,10,2025-07-01T17:35:02.016034
generic-capacity-medium-family,Streamline your lifestyle with appliances designed for busy families,167,uploads/features-and-benefits/Generic-Capacity-Medium-Family.png,class,8,Suitable for Medium Sized Families,11,2025-07-01T17:35:02.016035
generic-capacity-large-family,Streamline your lifestyle with appliances perfect for big families,168,uploads/features-and-benefits/Generic-Capacity-Large-Family.png,class,8,Suitable for Larger Families,12,2025-07-01T17:35:02.016037
generic-wifi,Ready to connect with your home Wi-Fi,169,uploads/features-and-benefits/Wifi.png,class,8,Built-in Wi-Fi,13,2025-07-01T17:35:02.016041
floorcare-multi-surface,Designed for sealed hardfloors & carpets.,170,uploads/features-and-benefits/Floorcare-Multi-Surface.png,class,8,Multi-surface Cleaning,14,2025-07-01T17:35:02.016043
floorcare-wet-and-dry,Tackle basic vacuuming duties to liquid spills & accidents.,171,uploads/features-and-benefits/Floorcare-Wet-and-Dry.png,class,8,Wet & Dry Cleaning,15,2025-07-01T17:35:02.016044
floorcare-self-emptying,Automatically empties the onboard dust bin into a larger collection bin in the docking station.,172,uploads/features-and-benefits/Floorcare-Self-Emptying.png,class,8,Self Emptying,16,2025-07-01T17:35:02.016046
floorcare-bagless,Just empty the dustbin and carry on cleaning.,173,uploads/features-and-benefits/Floorcare-Bagless.png,class,8,Bagless,17,2025-07-01T17:35:02.016047
floorcare-bagged,"Traps & contains the dust, dirt & debris in a sealed bag for easy disposal.",174,uploads/features-and-benefits/Floorcare-Bagged.png,class,8,Bagged,18,2025-07-01T17:35:02.016049
generic-value-for-money,Get great value without compromise,175,uploads/features-and-benefits/Generic-Value-For-Money.png,class,9,Value For Money,1,2025-07-01T17:35:02.846217
generic-water-sustainable-choice,Make the switch to sustainable appliances and reduce your water usage. ,176,uploads/features-and-benefits/Generic-Water-Sustainable-Choice.png,class,9,Sustainable Choice,2,2025-07-01T17:35:02.846240
generic-energy-sustainable-choice,Make the switch to sustainable appliances and reduce your energy use,177,uploads/features-and-benefits/Generic-Energy-Sustainable-Choice.png,class,9,Sustainable Choice,3,2025-07-01T17:35:02.846242
generic-warranty-1-year,Enjoy peace of mind with a 12 month limited manufacturers warranty,178,uploads/features-and-benefits/Generic-Warranty-1-Year.png,class,9,Peace of Mind,4,2025-07-01T17:35:02.846244
generic-warranty-2-year,Enjoy peace of mind with a 24 month limited manufacturers warranty,179,uploads/features-and-benefits/Generic-Warranty-2-Year.png,class,9,Peace of Mind,5,2025-07-01T17:35:02.846245
generic-warranty-3-year,Enjoy peace of mind with a 3 year limited manufacturers warranty,180,uploads/features-and-benefits/Generic-Warranty-3-Year.png,class,9,Peace of Mind,6,2025-07-01T17:35:02.846247
generic-warranty-5-year,Enjoy peace of mind with a 5 year limited manufacturers warranty,181,uploads/features-and-benefits/Generic-Warranty-5-Year.png,class,9,Peace of Mind,7,2025-07-01T17:35:02.846249
generic-built-in-australia,Proudly built in Australia,182,uploads/features-and-benefits/Generic-Built-In-Australia.png,class,9,Built in Australia,8,2025-07-01T17:35:02.846250
generic-capacity-couples,Steamline your lifestyle with appliances perfect for small households,183,uploads/features-and-benefits/Generic-Capacity-Couples.png,class,9,Suitable for Couples,9,2025-07-01T17:35:02.846252
generic-capacity-small-family,Streamline your lifestyle with appliances designed for small families,184,uploads/features-and-benefits/Generic-Capacity-Small-Family.png,class,9,Suitable for Small Families,10,2025-07-01T17:35:02.846253
generic-capacity-medium-family,Streamline your lifestyle with appliances designed for busy families,185,uploads/features-and-benefits/Generic-Capacity-Medium-Family.png,class,9,Suitable for Medium Sized Families,11,2025-07-01T17:35:02.846262
generic-capacity-large-family,Streamline your lifestyle with appliances perfect for big families,186,uploads/features-and-benefits/Generic-Capacity-Large-Family.png,class,9,Suitable for Larger Families,12,2025-07-01T17:35:02.846263
generic-wifi,Ready to connect with your home Wi-Fi,187,uploads/features-and-benefits/Wifi.png,class,9,Built-in Wi-Fi,13,2025-07-01T17:35:02.846265
ref-flexi,Allows your to choose what level of cooling you need for this zone. ,188,uploads/features-and-benefits/Ref-Flexi.png,class,9,Flexible Zone,14,2025-07-01T17:35:02.846267
ref-french,"Two large doors on top with a freezer drawer, letting you easily store larger items",190,uploads/features-and-benefits/Ref-French.png,class,9,French Door,15,2025-07-01T17:35:02.846268
ref-ice,Automatically makes and dispenses ice and a has handy water dispenser,191,uploads/features-and-benefits/Ref-Ice.png,class,9,Ice & Water,16,2025-07-01T17:35:02.846270
ref-flat,Modern Sleek design to compliment your kitchen,192,uploads/features-and-benefits/Ref-Flat.png,class,9,Flat Door Design,17,2025-07-01T17:35:02.846271
ref-hybrid,Can be used as a Fridge or a Freezer based on your needs,193,uploads/features-and-benefits/Ref-Hybrid.png,class,9,Hybrid,18,2025-07-01T17:35:02.846273
ref-wifi,Ready to connect with your home Wi-Fi,194,uploads/features-and-benefits/Ref-Wifi.png,class,9,Built-in Wi-Fi,19,2025-07-01T17:35:02.846275
ref-quad2,Four doors allows for greater separation between storage areas,428,uploads/features-and-benefits/Ref-Quad.png,class,9,Quad Door,20,2025-07-01T17:35:02.846276
generic-value-for-money,Get great value without compromise,195,uploads/features-and-benefits/Generic-Value-For-Money.png,class,10,Value For Money,1,2025-07-01T17:35:03.647359
generic-water-sustainable-choice,Make the switch to sustainable appliances and reduce your water usage. ,196,uploads/features-and-benefits/Generic-Water-Sustainable-Choice.png,class,10,Sustainable Choice,2,2025-07-01T17:35:03.647380
generic-energy-sustainable-choice,Make the switch to sustainable appliances and reduce your energy use,197,uploads/features-and-benefits/Generic-Energy-Sustainable-Choice.png,class,10,Sustainable Choice,3,2025-07-01T17:35:03.647382
generic-warranty-1-year,Enjoy peace of mind with a 12 month limited manufacturers warranty,198,uploads/features-and-benefits/Generic-Warranty-1-Year.png,class,10,Peace of Mind,4,2025-07-01T17:35:03.647383
generic-warranty-2-year,Enjoy peace of mind with a 24 month limited manufacturers warranty,199,uploads/features-and-benefits/Generic-Warranty-2-Year.png,class,10,Peace of Mind,5,2025-07-01T17:35:03.647385
generic-warranty-3-year,Enjoy peace of mind with a 3 year limited manufacturers warranty,200,uploads/features-and-benefits/Generic-Warranty-3-Year.png,class,10,Peace of Mind,6,2025-07-01T17:35:03.647386
generic-warranty-5-year,Enjoy peace of mind with a 5 year limited manufacturers warranty,201,uploads/features-and-benefits/Generic-Warranty-5-Year.png,class,10,Peace of Mind,7,2025-07-01T17:35:03.647388
generic-built-in-australia,Proudly built in Australia,202,uploads/features-and-benefits/Generic-Built-In-Australia.png,class,10,Built in Australia,8,2025-07-01T17:35:03.647389
generic-capacity-couples,Steamline your lifestyle with appliances perfect for small households,203,uploads/features-and-benefits/Generic-Capacity-Couples.png,class,10,Suitable for Couples,9,2025-07-01T17:35:03.647391
generic-capacity-small-family,Streamline your lifestyle with appliances designed for small families,204,uploads/features-and-benefits/Generic-Capacity-Small-Family.png,class,10,Suitable for Small Families,10,2025-07-01T17:35:03.647392
generic-capacity-medium-family,Streamline your lifestyle with appliances designed for busy families,205,uploads/features-and-benefits/Generic-Capacity-Medium-Family.png,class,10,Suitable for Medium Sized Families,11,2025-07-01T17:35:03.647395
generic-capacity-large-family,Streamline your lifestyle with appliances perfect for big families,206,uploads/features-and-benefits/Generic-Capacity-Large-Family.png,class,10,Suitable for Larger Families,12,2025-07-01T17:35:03.647397
generic-wifi,Ready to connect with your home Wi-Fi,207,uploads/features-and-benefits/Wifi.png,class,10,Built-in Wi-Fi,13,2025-07-01T17:35:03.647398
generic-value-for-money,Get great value without compromise,208,uploads/features-and-benefits/Generic-Value-For-Money.png,class,11,Value For Money,1,2025-07-01T17:35:04.462613
generic-water-sustainable-choice,Make the switch to sustainable appliances and reduce your water usage. ,209,uploads/features-and-benefits/Generic-Water-Sustainable-Choice.png,class,11,Sustainable Choice,2,2025-07-01T17:35:04.462635
generic-energy-sustainable-choice,Make the switch to sustainable appliances and reduce your energy use,210,uploads/features-and-benefits/Generic-Energy-Sustainable-Choice.png,class,11,Sustainable Choice,3,2025-07-01T17:35:04.462637
generic-warranty-1-year,Enjoy peace of mind with a 12 month limited manufacturers warranty,211,uploads/features-and-benefits/Generic-Warranty-1-Year.png,class,11,Peace of Mind,4,2025-07-01T17:35:04.462639
generic-warranty-2-year,Enjoy peace of mind with a 24 month limited manufacturers warranty,212,uploads/features-and-benefits/Generic-Warranty-2-Year.png,class,11,Peace of Mind,5,2025-07-01T17:35:04.462641
generic-warranty-3-year,Enjoy peace of mind with a 3 year limited manufacturers warranty,213,uploads/features-and-benefits/Generic-Warranty-3-Year.png,class,11,Peace of Mind,6,2025-07-01T17:35:04.462643
generic-warranty-5-year,Enjoy peace of mind with a 5 year limited manufacturers warranty,214,uploads/features-and-benefits/Generic-Warranty-5-Year.png,class,11,Peace of Mind,7,2025-07-01T17:35:04.462645
generic-built-in-australia,Proudly built in Australia,215,uploads/features-and-benefits/Generic-Built-In-Australia.png,class,11,Built in Australia,8,2025-07-01T17:35:04.462647
generic-capacity-couples,Steamline your lifestyle with appliances perfect for small households,216,uploads/features-and-benefits/Generic-Capacity-Couples.png,class,11,Suitable for Couples,9,2025-07-01T17:35:04.462648
generic-capacity-small-family,Streamline your lifestyle with appliances designed for small families,217,uploads/features-and-benefits/Generic-Capacity-Small-Family.png,class,11,Suitable for Small Families,10,2025-07-01T17:35:04.462650
generic-capacity-medium-family,Streamline your lifestyle with appliances designed for busy families,218,uploads/features-and-benefits/Generic-Capacity-Medium-Family.png,class,11,Suitable for Medium Sized Families,11,2025-07-01T17:35:04.462652
generic-capacity-large-family,Streamline your lifestyle with appliances perfect for big families,219,uploads/features-and-benefits/Generic-Capacity-Large-Family.png,class,11,Suitable for Larger Families,12,2025-07-01T17:35:04.462654
generic-wifi,Ready to connect with your home Wi-Fi,220,uploads/features-and-benefits/Wifi.png,class,11,Built-in Wi-Fi,13,2025-07-01T17:35:04.462660
laundry-wifi,Ready to connect with your home Wi-Fi,221,uploads/features-and-benefits/Laundry-Wifi.png,class,11,Built-in Wi-Fi,14,2025-07-01T17:35:04.462662
laundry-large,Suitable for Larger Families,222,uploads/features-and-benefits/Laundry-Large.png,class,11,Large Family Size,15,2025-07-01T17:35:04.462664
laundry-medium,Suitable for medium sized families and couples looking to grow their families.,223,uploads/features-and-benefits/Laundry-Medium.png,class,11,Medium Family Size,16,2025-07-01T17:35:04.462666
laundry-small,Suitable for couples or singles,224,uploads/features-and-benefits/Laundry-Small.png,class,11,Small Family Size,17,2025-07-01T17:35:04.462668
laundry-matching,Complete the modern laundry with a matching heat pump dryer,225,uploads/features-and-benefits/Laundry-Matching.png,class,11,Add a Matching Dryer,18,2025-07-01T17:35:04.462672
laundry-topseller,One of our best sellers,226,uploads/features-and-benefits/Laundry-TopSeller.png,class,11,Top Seller,19,2025-07-01T17:35:04.462674
laundry-stack,Allows you to mount your dryer on top of your front load washer & save space in your laundry,227,uploads/features-and-benefits/Laundry-Stack.png,class,11,Stackable,20,2025-07-01T17:35:04.462676
laundry-wall-mount,Allows you to mount your dryer on the wall to save space in your laundry,228,uploads/features-and-benefits/Laundry-Wall-Mount.png,class,11,Wall Mountable,21,2025-07-01T17:35:04.462677
generic-value-for-money,Get great value without compromise,229,uploads/features-and-benefits/Generic-Value-For-Money.png,class,12,Value For Money,1,2025-07-01T17:35:05.269545
generic-water-sustainable-choice,Make the switch to sustainable appliances and reduce your water usage. ,230,uploads/features-and-benefits/Generic-Water-Sustainable-Choice.png,class,12,Sustainable Choice,2,2025-07-01T17:35:05.269584
generic-energy-sustainable-choice,Make the switch to sustainable appliances and reduce your energy use,231,uploads/features-and-benefits/Generic-Energy-Sustainable-Choice.png,class,12,Sustainable Choice,3,2025-07-01T17:35:05.269588
generic-warranty-1-year,Enjoy peace of mind with a 12 month limited manufacturers warranty,232,uploads/features-and-benefits/Generic-Warranty-1-Year.png,class,12,Peace of Mind,4,2025-07-01T17:35:05.269591
generic-warranty-2-year,Enjoy peace of mind with a 24 month limited manufacturers warranty,233,uploads/features-and-benefits/Generic-Warranty-2-Year.png,class,12,Peace of Mind,5,2025-07-01T17:35:05.269595
generic-warranty-3-year,Enjoy peace of mind with a 3 year limited manufacturers warranty,234,uploads/features-and-benefits/Generic-Warranty-3-Year.png,class,12,Peace of Mind,6,2025-07-01T17:35:05.269598
generic-warranty-5-year,Enjoy peace of mind with a 5 year limited manufacturers warranty,235,uploads/features-and-benefits/Generic-Warranty-5-Year.png,class,12,Peace of Mind,7,2025-07-01T17:35:05.269602
generic-built-in-australia,Proudly built in Australia,236,uploads/features-and-benefits/Generic-Built-In-Australia.png,class,12,Built in Australia,8,2025-07-01T17:35:05.269605
generic-capacity-couples,Steamline your lifestyle with appliances perfect for small households,237,uploads/features-and-benefits/Generic-Capacity-Couples.png,class,12,Suitable for Couples,9,2025-07-01T17:35:05.269609
generic-capacity-small-family,Streamline your lifestyle with appliances designed for small families,238,uploads/features-and-benefits/Generic-Capacity-Small-Family.png,class,12,Suitable for Small Families,10,2025-07-01T17:35:05.269612
generic-capacity-medium-family,Streamline your lifestyle with appliances designed for busy families,239,uploads/features-and-benefits/Generic-Capacity-Medium-Family.png,class,12,Suitable for Medium Sized Families,11,2025-07-01T17:35:05.269615
generic-capacity-large-family,Streamline your lifestyle with appliances perfect for big families,240,uploads/features-and-benefits/Generic-Capacity-Large-Family.png,class,12,Suitable for Larger Families,12,2025-07-01T17:35:05.269619
generic-wifi,Ready to connect with your home Wi-Fi,241,uploads/features-and-benefits/Wifi.png,class,12,Built-in Wi-Fi,13,2025-07-01T17:35:05.269622
generic-value-for-money,Get great value without compromise,242,uploads/features-and-benefits/Generic-Value-For-Money.png,class,13,Value For Money,1,2025-07-01T17:35:06.085412
generic-water-sustainable-choice,Make the switch to sustainable appliances and reduce your water usage. ,243,uploads/features-and-benefits/Generic-Water-Sustainable-Choice.png,class,13,Sustainable Choice,2,2025-07-01T17:35:06.085425
generic-energy-sustainable-choice,Make the switch to sustainable appliances and reduce your energy use,244,uploads/features-and-benefits/Generic-Energy-Sustainable-Choice.png,class,13,Sustainable Choice,3,2025-07-01T17:35:06.085427
generic-warranty-1-year,Enjoy peace of mind with a 12 month limited manufacturers warranty,245,uploads/features-and-benefits/Generic-Warranty-1-Year.png,class,13,Peace of Mind,4,2025-07-01T17:35:06.085428
generic-warranty-2-year,Enjoy peace of mind with a 24 month limited manufacturers warranty,246,uploads/features-and-benefits/Generic-Warranty-2-Year.png,class,13,Peace of Mind,5,2025-07-01T17:35:06.085429
generic-warranty-3-year,Enjoy peace of mind with a 3 year limited manufacturers warranty,247,uploads/features-and-benefits/Generic-Warranty-3-Year.png,class,13,Peace of Mind,6,2025-07-01T17:35:06.085431
generic-warranty-5-year,Enjoy peace of mind with a 5 year limited manufacturers warranty,248,uploads/features-and-benefits/Generic-Warranty-5-Year.png,class,13,Peace of Mind,7,2025-07-01T17:35:06.085432
generic-built-in-australia,Proudly built in Australia,249,uploads/features-and-benefits/Generic-Built-In-Australia.png,class,13,Built in Australia,8,2025-07-01T17:35:06.085436
generic-capacity-couples,Steamline your lifestyle with appliances perfect for small households,250,uploads/features-and-benefits/Generic-Capacity-Couples.png,class,13,Suitable for Couples,9,2025-07-01T17:35:06.085438
generic-capacity-small-family,Streamline your lifestyle with appliances designed for small families,251,uploads/features-and-benefits/Generic-Capacity-Small-Family.png,class,13,Suitable for Small Families,10,2025-07-01T17:35:06.085439
generic-capacity-medium-family,Streamline your lifestyle with appliances designed for busy families,252,uploads/features-and-benefits/Generic-Capacity-Medium-Family.png,class,13,Suitable for Medium Sized Families,11,2025-07-01T17:35:06.085440
generic-capacity-large-family,Streamline your lifestyle with appliances perfect for big families,253,uploads/features-and-benefits/Generic-Capacity-Large-Family.png,class,13,Suitable for Larger Families,12,2025-07-01T17:35:06.085442
generic-wifi,Ready to connect with your home Wi-Fi,254,uploads/features-and-benefits/Wifi.png,class,13,Built-in Wi-Fi,13,2025-07-01T17:35:06.085443
generic-value-for-money,Get great value without compromise,255,uploads/features-and-benefits/Generic-Value-For-Money.png,class,14,Value For Money,1,2025-07-01T17:35:06.903482
generic-water-sustainable-choice,Make the switch to sustainable appliances and reduce your water usage. ,256,uploads/features-and-benefits/Generic-Water-Sustainable-Choice.png,class,14,Sustainable Choice,2,2025-07-01T17:35:06.903502
generic-energy-sustainable-choice,Make the switch to sustainable appliances and reduce your energy use,257,uploads/features-and-benefits/Generic-Energy-Sustainable-Choice.png,class,14,Sustainable Choice,3,2025-07-01T17:35:06.903504
generic-warranty-1-year,Enjoy peace of mind with a 12 month limited manufacturers warranty,258,uploads/features-and-benefits/Generic-Warranty-1-Year.png,class,14,Peace of Mind,4,2025-07-01T17:35:06.903506
generic-warranty-2-year,Enjoy peace of mind with a 24 month limited manufacturers warranty,259,uploads/features-and-benefits/Generic-Warranty-2-Year.png,class,14,Peace of Mind,5,2025-07-01T17:35:06.903507
generic-warranty-3-year,Enjoy peace of mind with a 3 year limited manufacturers warranty,260,uploads/features-and-benefits/Generic-Warranty-3-Year.png,class,14,Peace of Mind,6,2025-07-01T17:35:06.903509
generic-warranty-5-year,Enjoy peace of mind with a 5 year limited manufacturers warranty,261,uploads/features-and-benefits/Generic-Warranty-5-Year.png,class,14,Peace of Mind,7,2025-07-01T17:35:06.903511
generic-built-in-australia,Proudly built in Australia,262,uploads/features-and-benefits/Generic-Built-In-Australia.png,class,14,Built in Australia,8,2025-07-01T17:35:06.903512
generic-capacity-couples,Steamline your lifestyle with appliances perfect for small households,263,uploads/features-and-benefits/Generic-Capacity-Couples.png,class,14,Suitable for Couples,9,2025-07-01T17:35:06.903514
generic-capacity-small-family,Streamline your lifestyle with appliances designed for small families,264,uploads/features-and-benefits/Generic-Capacity-Small-Family.png,class,14,Suitable for Small Families,10,2025-07-01T17:35:06.903516
generic-capacity-medium-family,Streamline your lifestyle with appliances designed for busy families,265,uploads/features-and-benefits/Generic-Capacity-Medium-Family.png,class,14,Suitable for Medium Sized Families,11,2025-07-01T17:35:06.903517
generic-capacity-large-family,Streamline your lifestyle with appliances perfect for big families,266,uploads/features-and-benefits/Generic-Capacity-Large-Family.png,class,14,Suitable for Larger Families,12,2025-07-01T17:35:06.903519
generic-wifi,Ready to connect with your home Wi-Fi,267,uploads/features-and-benefits/Wifi.png,class,14,Built-in Wi-Fi,13,2025-07-01T17:35:06.903520
generic-value-for-money,Get great value without compromise,268,uploads/features-and-benefits/Generic-Value-For-Money.png,class,15,Value For Money,1,2025-07-01T17:35:07.713080
generic-water-sustainable-choice,Make the switch to sustainable appliances and reduce your water usage. ,269,uploads/features-and-benefits/Generic-Water-Sustainable-Choice.png,class,15,Sustainable Choice,2,2025-07-01T17:35:07.713096
generic-energy-sustainable-choice,Make the switch to sustainable appliances and reduce your energy use,270,uploads/features-and-benefits/Generic-Energy-Sustainable-Choice.png,class,15,Sustainable Choice,3,2025-07-01T17:35:07.713098
generic-warranty-1-year,Enjoy peace of mind with a 12 month limited manufacturers warranty,271,uploads/features-and-benefits/Generic-Warranty-1-Year.png,class,15,Peace of Mind,4,2025-07-01T17:35:07.713100
generic-warranty-2-year,Enjoy peace of mind with a 24 month limited manufacturers warranty,272,uploads/features-and-benefits/Generic-Warranty-2-Year.png,class,15,Peace of Mind,5,2025-07-01T17:35:07.713102
generic-warranty-3-year,Enjoy peace of mind with a 3 year limited manufacturers warranty,273,uploads/features-and-benefits/Generic-Warranty-3-Year.png,class,15,Peace of Mind,6,2025-07-01T17:35:07.713104
generic-warranty-5-year,Enjoy peace of mind with a 5 year limited manufacturers warranty,274,uploads/features-and-benefits/Generic-Warranty-5-Year.png,class,15,Peace of Mind,7,2025-07-01T17:35:07.713106
generic-built-in-australia,Proudly built in Australia,275,uploads/features-and-benefits/Generic-Built-In-Australia.png,class,15,Built in Australia,8,2025-07-01T17:35:07.713108
generic-capacity-couples,Steamline your lifestyle with appliances perfect for small households,276,uploads/features-and-benefits/Generic-Capacity-Couples.png,class,15,Suitable for Couples,9,2025-07-01T17:35:07.713109
generic-capacity-small-family,Streamline your lifestyle with appliances designed for small families,277,uploads/features-and-benefits/Generic-Capacity-Small-Family.png,class,15,Suitable for Small Families,10,2025-07-01T17:35:07.713112
generic-capacity-medium-family,Streamline your lifestyle with appliances designed for busy families,278,uploads/features-and-benefits/Generic-Capacity-Medium-Family.png,class,15,Suitable for Medium Sized Families,11,2025-07-01T17:35:07.713114
generic-capacity-large-family,Streamline your lifestyle with appliances perfect for big families,279,uploads/features-and-benefits/Generic-Capacity-Large-Family.png,class,15,Suitable for Larger Families,12,2025-07-01T17:35:07.713115
generic-wifi,Ready to connect with your home Wi-Fi,280,uploads/features-and-benefits/Wifi.png,class,15,Built-in Wi-Fi,13,2025-07-01T17:35:07.713117
ska-dishwasher-safe,Removable parts that are dishwasher safe.,281,uploads/features-and-benefits/SKA-Dishwasher-Safe.png,class,15,Dishwasher Safe,14,2025-07-01T17:35:07.713119
ska-multifunction,Enjoy multiple methods of cooking from one appliance,282,uploads/features-and-benefits/SKA-Multifunction.png,class,15,Multifunction Cooker,15,2025-07-01T17:35:07.713121
ska-airfryer-capacity-large,Features an extra large cooking basket,283,uploads/features-and-benefits/SKA-Airfryer-Capacity-Large.png,class,15,Large Basket,16,2025-07-01T17:35:07.713122
ska-touch-control,For ease of use & cleaning.,284,uploads/features-and-benefits/SKA-Touch-Control.png,class,15,Touch Control Interface,17,2025-07-01T17:35:07.713124
generic-value-for-money,Get great value without compromise,285,uploads/features-and-benefits/Generic-Value-For-Money.png,class,16,Value For Money,1,2025-07-01T17:35:08.523320
generic-water-sustainable-choice,Make the switch to sustainable appliances and reduce your water usage. ,286,uploads/features-and-benefits/Generic-Water-Sustainable-Choice.png,class,16,Sustainable Choice,2,2025-07-01T17:35:08.523349
generic-energy-sustainable-choice,Make the switch to sustainable appliances and reduce your energy use,287,uploads/features-and-benefits/Generic-Energy-Sustainable-Choice.png,class,16,Sustainable Choice,3,2025-07-01T17:35:08.523351
generic-warranty-1-year,Enjoy peace of mind with a 12 month limited manufacturers warranty,288,uploads/features-and-benefits/Generic-Warranty-1-Year.png,class,16,Peace of Mind,4,2025-07-01T17:35:08.523354
generic-warranty-2-year,Enjoy peace of mind with a 24 month limited manufacturers warranty,289,uploads/features-and-benefits/Generic-Warranty-2-Year.png,class,16,Peace of Mind,5,2025-07-01T17:35:08.523357
generic-warranty-3-year,Enjoy peace of mind with a 3 year limited manufacturers warranty,290,uploads/features-and-benefits/Generic-Warranty-3-Year.png,class,16,Peace of Mind,6,2025-07-01T17:35:08.523359
generic-warranty-5-year,Enjoy peace of mind with a 5 year limited manufacturers warranty,291,uploads/features-and-benefits/Generic-Warranty-5-Year.png,class,16,Peace of Mind,7,2025-07-01T17:35:08.523362
generic-built-in-australia,Proudly built in Australia,292,uploads/features-and-benefits/Generic-Built-In-Australia.png,class,16,Built in Australia,8,2025-07-01T17:35:08.523364
generic-capacity-couples,Steamline your lifestyle with appliances perfect for small households,293,uploads/features-and-benefits/Generic-Capacity-Couples.png,class,16,Suitable for Couples,9,2025-07-01T17:35:08.523366
generic-capacity-small-family,Streamline your lifestyle with appliances designed for small families,294,uploads/features-and-benefits/Generic-Capacity-Small-Family.png,class,16,Suitable for Small Families,10,2025-07-01T17:35:08.523369
generic-capacity-medium-family,Streamline your lifestyle with appliances designed for busy families,295,uploads/features-and-benefits/Generic-Capacity-Medium-Family.png,class,16,Suitable for Medium Sized Families,11,2025-07-01T17:35:08.523371
generic-capacity-large-family,Streamline your lifestyle with appliances perfect for big families,296,uploads/features-and-benefits/Generic-Capacity-Large-Family.png,class,16,Suitable for Larger Families,12,2025-07-01T17:35:08.523373
generic-wifi,Ready to connect with your home Wi-Fi,297,uploads/features-and-benefits/Wifi.png,class,16,Built-in Wi-Fi,13,2025-07-01T17:35:08.523376
generic-value-for-money,Get great value without compromise,298,uploads/features-and-benefits/Generic-Value-For-Money.png,class,17,Value For Money,1,2025-07-01T17:35:09.340708
generic-water-sustainable-choice,Make the switch to sustainable appliances and reduce your water usage. ,299,uploads/features-and-benefits/Generic-Water-Sustainable-Choice.png,class,17,Sustainable Choice,2,2025-07-01T17:35:09.340741
generic-energy-sustainable-choice,Make the switch to sustainable appliances and reduce your energy use,300,uploads/features-and-benefits/Generic-Energy-Sustainable-Choice.png,class,17,Sustainable Choice,3,2025-07-01T17:35:09.340744
generic-warranty-1-year,Enjoy peace of mind with a 12 month limited manufacturers warranty,301,uploads/features-and-benefits/Generic-Warranty-1-Year.png,class,17,Peace of Mind,4,2025-07-01T17:35:09.340746
generic-warranty-2-year,Enjoy peace of mind with a 24 month limited manufacturers warranty,302,uploads/features-and-benefits/Generic-Warranty-2-Year.png,class,17,Peace of Mind,5,2025-07-01T17:35:09.340749
generic-warranty-3-year,Enjoy peace of mind with a 3 year limited manufacturers warranty,303,uploads/features-and-benefits/Generic-Warranty-3-Year.png,class,17,Peace of Mind,6,2025-07-01T17:35:09.340751
generic-warranty-5-year,Enjoy peace of mind with a 5 year limited manufacturers warranty,304,uploads/features-and-benefits/Generic-Warranty-5-Year.png,class,17,Peace of Mind,7,2025-07-01T17:35:09.340753
generic-built-in-australia,Proudly built in Australia,305,uploads/features-and-benefits/Generic-Built-In-Australia.png,class,17,Built in Australia,8,2025-07-01T17:35:09.340756
generic-capacity-couples,Steamline your lifestyle with appliances perfect for small households,306,uploads/features-and-benefits/Generic-Capacity-Couples.png,class,17,Suitable for Couples,9,2025-07-01T17:35:09.340758
generic-capacity-small-family,Streamline your lifestyle with appliances designed for small families,307,uploads/features-and-benefits/Generic-Capacity-Small-Family.png,class,17,Suitable for Small Families,10,2025-07-01T17:35:09.340760
generic-capacity-medium-family,Streamline your lifestyle with appliances designed for busy families,308,uploads/features-and-benefits/Generic-Capacity-Medium-Family.png,class,17,Suitable for Medium Sized Families,11,2025-07-01T17:35:09.340763
generic-capacity-large-family,Streamline your lifestyle with appliances perfect for big families,309,uploads/features-and-benefits/Generic-Capacity-Large-Family.png,class,17,Suitable for Larger Families,12,2025-07-01T17:35:09.340768
generic-wifi,Ready to connect with your home Wi-Fi,310,uploads/features-and-benefits/Wifi.png,class,17,Built-in Wi-Fi,13,2025-07-01T17:35:09.340770
generic-value-for-money,Get great value without compromise,311,uploads/features-and-benefits/Generic-Value-For-Money.png,class,18,Value For Money,1,2025-07-01T17:35:10.196881
generic-water-sustainable-choice,Make the switch to sustainable appliances and reduce your water usage. ,312,uploads/features-and-benefits/Generic-Water-Sustainable-Choice.png,class,18,Sustainable Choice,2,2025-07-01T17:35:10.196893
generic-energy-sustainable-choice,Make the switch to sustainable appliances and reduce your energy use,313,uploads/features-and-benefits/Generic-Energy-Sustainable-Choice.png,class,18,Sustainable Choice,3,2025-07-01T17:35:10.196895
generic-warranty-1-year,Enjoy peace of mind with a 12 month limited manufacturers warranty,314,uploads/features-and-benefits/Generic-Warranty-1-Year.png,class,18,Peace of Mind,4,2025-07-01T17:35:10.196896
generic-warranty-2-year,Enjoy peace of mind with a 24 month limited manufacturers warranty,315,uploads/features-and-benefits/Generic-Warranty-2-Year.png,class,18,Peace of Mind,5,2025-07-01T17:35:10.196897
generic-warranty-3-year,Enjoy peace of mind with a 3 year limited manufacturers warranty,316,uploads/features-and-benefits/Generic-Warranty-3-Year.png,class,18,Peace of Mind,6,2025-07-01T17:35:10.196899
generic-warranty-5-year,Enjoy peace of mind with a 5 year limited manufacturers warranty,317,uploads/features-and-benefits/Generic-Warranty-5-Year.png,class,18,Peace of Mind,7,2025-07-01T17:35:10.196900
generic-built-in-australia,Proudly built in Australia,318,uploads/features-and-benefits/Generic-Built-In-Australia.png,class,18,Built in Australia,8,2025-07-01T17:35:10.196901
generic-capacity-couples,Steamline your lifestyle with appliances perfect for small households,319,uploads/features-and-benefits/Generic-Capacity-Couples.png,class,18,Suitable for Couples,9,2025-07-01T17:35:10.196903
generic-capacity-small-family,Streamline your lifestyle with appliances designed for small families,320,uploads/features-and-benefits/Generic-Capacity-Small-Family.png,class,18,Suitable for Small Families,10,2025-07-01T17:35:10.196904
generic-capacity-medium-family,Streamline your lifestyle with appliances designed for busy families,321,uploads/features-and-benefits/Generic-Capacity-Medium-Family.png,class,18,Suitable for Medium Sized Families,11,2025-07-01T17:35:10.196905
generic-capacity-large-family,Streamline your lifestyle with appliances perfect for big families,322,uploads/features-and-benefits/Generic-Capacity-Large-Family.png,class,18,Suitable for Larger Families,12,2025-07-01T17:35:10.196906
generic-wifi,Ready to connect with your home Wi-Fi,323,uploads/features-and-benefits/Wifi.png,class,18,Built-in Wi-Fi,13,2025-07-01T17:35:10.196908
generic-value-for-money,Get great value without compromise,324,uploads/features-and-benefits/Generic-Value-For-Money.png,class,19,Value For Money,1,2025-07-01T17:35:11.009981
generic-water-sustainable-choice,Make the switch to sustainable appliances and reduce your water usage. ,325,uploads/features-and-benefits/Generic-Water-Sustainable-Choice.png,class,19,Sustainable Choice,2,2025-07-01T17:35:11.010000
generic-energy-sustainable-choice,Make the switch to sustainable appliances and reduce your energy use,326,uploads/features-and-benefits/Generic-Energy-Sustainable-Choice.png,class,19,Sustainable Choice,3,2025-07-01T17:35:11.010002
generic-warranty-1-year,Enjoy peace of mind with a 12 month limited manufacturers warranty,327,uploads/features-and-benefits/Generic-Warranty-1-Year.png,class,19,Peace of Mind,4,2025-07-01T17:35:11.010003
generic-warranty-2-year,Enjoy peace of mind with a 24 month limited manufacturers warranty,328,uploads/features-and-benefits/Generic-Warranty-2-Year.png,class,19,Peace of Mind,5,2025-07-01T17:35:11.010005
generic-warranty-3-year,Enjoy peace of mind with a 3 year limited manufacturers warranty,329,uploads/features-and-benefits/Generic-Warranty-3-Year.png,class,19,Peace of Mind,6,2025-07-01T17:35:11.010007
generic-warranty-5-year,Enjoy peace of mind with a 5 year limited manufacturers warranty,330,uploads/features-and-benefits/Generic-Warranty-5-Year.png,class,19,Peace of Mind,7,2025-07-01T17:35:11.010008
generic-built-in-australia,Proudly built in Australia,331,uploads/features-and-benefits/Generic-Built-In-Australia.png,class,19,Built in Australia,8,2025-07-01T17:35:11.010010
generic-capacity-couples,Steamline your lifestyle with appliances perfect for small households,332,uploads/features-and-benefits/Generic-Capacity-Couples.png,class,19,Suitable for Couples,9,2025-07-01T17:35:11.010012
generic-capacity-small-family,Streamline your lifestyle with appliances designed for small families,333,uploads/features-and-benefits/Generic-Capacity-Small-Family.png,class,19,Suitable for Small Families,10,2025-07-01T17:35:11.010013
generic-capacity-medium-family,Streamline your lifestyle with appliances designed for busy families,334,uploads/features-and-benefits/Generic-Capacity-Medium-Family.png,class,19,Suitable for Medium Sized Families,11,2025-07-01T17:35:11.010015
generic-capacity-large-family,Streamline your lifestyle with appliances perfect for big families,335,uploads/features-and-benefits/Generic-Capacity-Large-Family.png,class,19,Suitable for Larger Families,12,2025-07-01T17:35:11.010016
generic-wifi,Ready to connect with your home Wi-Fi,336,uploads/features-and-benefits/Wifi.png,class,19,Built-in Wi-Fi,13,2025-07-01T17:35:11.010018
generic-value-for-money,Get great value without compromise,337,uploads/features-and-benefits/Generic-Value-For-Money.png,class,20,Value For Money,1,2025-07-01T17:35:11.809470
generic-water-sustainable-choice,Make the switch to sustainable appliances and reduce your water usage. ,338,uploads/features-and-benefits/Generic-Water-Sustainable-Choice.png,class,20,Sustainable Choice,2,2025-07-01T17:35:11.809498
generic-energy-sustainable-choice,Make the switch to sustainable appliances and reduce your energy use,339,uploads/features-and-benefits/Generic-Energy-Sustainable-Choice.png,class,20,Sustainable Choice,3,2025-07-01T17:35:11.809500
generic-warranty-1-year,Enjoy peace of mind with a 12 month limited manufacturers warranty,340,uploads/features-and-benefits/Generic-Warranty-1-Year.png,class,20,Peace of Mind,4,2025-07-01T17:35:11.809502
generic-warranty-2-year,Enjoy peace of mind with a 24 month limited manufacturers warranty,341,uploads/features-and-benefits/Generic-Warranty-2-Year.png,class,20,Peace of Mind,5,2025-07-01T17:35:11.809503
generic-warranty-3-year,Enjoy peace of mind with a 3 year limited manufacturers warranty,342,uploads/features-and-benefits/Generic-Warranty-3-Year.png,class,20,Peace of Mind,6,2025-07-01T17:35:11.809505
generic-warranty-5-year,Enjoy peace of mind with a 5 year limited manufacturers warranty,343,uploads/features-and-benefits/Generic-Warranty-5-Year.png,class,20,Peace of Mind,7,2025-07-01T17:35:11.809506
generic-built-in-australia,Proudly built in Australia,344,uploads/features-and-benefits/Generic-Built-In-Australia.png,class,20,Built in Australia,8,2025-07-01T17:35:11.809507
generic-capacity-couples,Steamline your lifestyle with appliances perfect for small households,345,uploads/features-and-benefits/Generic-Capacity-Couples.png,class,20,Suitable for Couples,9,2025-07-01T17:35:11.809511
generic-capacity-small-family,Streamline your lifestyle with appliances designed for small families,346,uploads/features-and-benefits/Generic-Capacity-Small-Family.png,class,20,Suitable for Small Families,10,2025-07-01T17:35:11.809513
generic-capacity-medium-family,Streamline your lifestyle with appliances designed for busy families,347,uploads/features-and-benefits/Generic-Capacity-Medium-Family.png,class,20,Suitable for Medium Sized Families,11,2025-07-01T17:35:11.809514
generic-capacity-large-family,Streamline your lifestyle with appliances perfect for big families,348,uploads/features-and-benefits/Generic-Capacity-Large-Family.png,class,20,Suitable for Larger Families,12,2025-07-01T17:35:11.809516
generic-wifi,Ready to connect with your home Wi-Fi,349,uploads/features-and-benefits/Wifi.png,class,20,Built-in Wi-Fi,13,2025-07-01T17:35:11.809517
generic-value-for-money,Get great value without compromise,350,uploads/features-and-benefits/Generic-Value-For-Money.png,class,21,Value For Money,1,2025-07-01T17:35:12.614507
generic-water-sustainable-choice,Make the switch to sustainable appliances and reduce your water usage. ,351,uploads/features-and-benefits/Generic-Water-Sustainable-Choice.png,class,21,Sustainable Choice,2,2025-07-01T17:35:12.614529
generic-energy-sustainable-choice,Make the switch to sustainable appliances and reduce your energy use,352,uploads/features-and-benefits/Generic-Energy-Sustainable-Choice.png,class,21,Sustainable Choice,3,2025-07-01T17:35:12.614531
generic-warranty-1-year,Enjoy peace of mind with a 12 month limited manufacturers warranty,353,uploads/features-and-benefits/Generic-Warranty-1-Year.png,class,21,Peace of Mind,4,2025-07-01T17:35:12.614533
generic-warranty-2-year,Enjoy peace of mind with a 24 month limited manufacturers warranty,354,uploads/features-and-benefits/Generic-Warranty-2-Year.png,class,21,Peace of Mind,5,2025-07-01T17:35:12.614535
generic-warranty-3-year,Enjoy peace of mind with a 3 year limited manufacturers warranty,355,uploads/features-and-benefits/Generic-Warranty-3-Year.png,class,21,Peace of Mind,6,2025-07-01T17:35:12.614537
generic-warranty-5-year,Enjoy peace of mind with a 5 year limited manufacturers warranty,356,uploads/features-and-benefits/Generic-Warranty-5-Year.png,class,21,Peace of Mind,7,2025-07-01T17:35:12.614538
generic-built-in-australia,Proudly built in Australia,357,uploads/features-and-benefits/Generic-Built-In-Australia.png,class,21,Built in Australia,8,2025-07-01T17:35:12.614540
generic-capacity-couples,Steamline your lifestyle with appliances perfect for small households,358,uploads/features-and-benefits/Generic-Capacity-Couples.png,class,21,Suitable for Couples,9,2025-07-01T17:35:12.614542
generic-capacity-small-family,Streamline your lifestyle with appliances designed for small families,359,uploads/features-and-benefits/Generic-Capacity-Small-Family.png,class,21,Suitable for Small Families,10,2025-07-01T17:35:12.614544
generic-capacity-medium-family,Streamline your lifestyle with appliances designed for busy families,360,uploads/features-and-benefits/Generic-Capacity-Medium-Family.png,class,21,Suitable for Medium Sized Families,11,2025-07-01T17:35:12.614546
generic-capacity-large-family,Streamline your lifestyle with appliances perfect for big families,361,uploads/features-and-benefits/Generic-Capacity-Large-Family.png,class,21,Suitable for Larger Families,12,2025-07-01T17:35:12.614548
generic-wifi,Ready to connect with your home Wi-Fi,362,uploads/features-and-benefits/Wifi.png,class,21,Built-in Wi-Fi,13,2025-07-01T17:35:12.614551
generic-value-for-money,Get great value without compromise,363,uploads/features-and-benefits/Generic-Value-For-Money.png,class,22,Value For Money,1,2025-07-01T17:35:13.425834
generic-water-sustainable-choice,Make the switch to sustainable appliances and reduce your water usage. ,364,uploads/features-and-benefits/Generic-Water-Sustainable-Choice.png,class,22,Sustainable Choice,2,2025-07-01T17:35:13.425865
generic-energy-sustainable-choice,Make the switch to sustainable appliances and reduce your energy use,365,uploads/features-and-benefits/Generic-Energy-Sustainable-Choice.png,class,22,Sustainable Choice,3,2025-07-01T17:35:13.425868
generic-warranty-1-year,Enjoy peace of mind with a 12 month limited manufacturers warranty,366,uploads/features-and-benefits/Generic-Warranty-1-Year.png,class,22,Peace of Mind,4,2025-07-01T17:35:13.425871
generic-warranty-2-year,Enjoy peace of mind with a 24 month limited manufacturers warranty,367,uploads/features-and-benefits/Generic-Warranty-2-Year.png,class,22,Peace of Mind,5,2025-07-01T17:35:13.425873
generic-warranty-3-year,Enjoy peace of mind with a 3 year limited manufacturers warranty,368,uploads/features-and-benefits/Generic-Warranty-3-Year.png,class,22,Peace of Mind,6,2025-07-01T17:35:13.425876
generic-warranty-5-year,Enjoy peace of mind with a 5 year limited manufacturers warranty,369,uploads/features-and-benefits/Generic-Warranty-5-Year.png,class,22,Peace of Mind,7,2025-07-01T17:35:13.425878
generic-built-in-australia,Proudly built in Australia,370,uploads/features-and-benefits/Generic-Built-In-Australia.png,class,22,Built in Australia,8,2025-07-01T17:35:13.425880
generic-capacity-couples,Steamline your lifestyle with appliances perfect for small households,371,uploads/features-and-benefits/Generic-Capacity-Couples.png,class,22,Suitable for Couples,9,2025-07-01T17:35:13.425883
generic-capacity-small-family,Streamline your lifestyle with appliances designed for small families,372,uploads/features-and-benefits/Generic-Capacity-Small-Family.png,class,22,Suitable for Small Families,10,2025-07-01T17:35:13.425885
generic-capacity-medium-family,Streamline your lifestyle with appliances designed for busy families,373,uploads/features-and-benefits/Generic-Capacity-Medium-Family.png,class,22,Suitable for Medium Sized Families,11,2025-07-01T17:35:13.425887
generic-capacity-large-family,Streamline your lifestyle with appliances perfect for big families,374,uploads/features-and-benefits/Generic-Capacity-Large-Family.png,class,22,Suitable for Larger Families,12,2025-07-01T17:35:13.425889
generic-wifi,Ready to connect with your home Wi-Fi,375,uploads/features-and-benefits/Wifi.png,class,22,Built-in Wi-Fi,13,2025-07-01T17:35:13.425892
generic-value-for-money,Get great value without compromise,376,uploads/features-and-benefits/Generic-Value-For-Money.png,class,24,Value For Money,1,2025-07-01T17:35:15.026302
generic-water-sustainable-choice,Make the switch to sustainable appliances and reduce your water usage. ,377,uploads/features-and-benefits/Generic-Water-Sustainable-Choice.png,class,24,Sustainable Choice,2,2025-07-01T17:35:15.026315
generic-energy-sustainable-choice,Make the switch to sustainable appliances and reduce your energy use,378,uploads/features-and-benefits/Generic-Energy-Sustainable-Choice.png,class,24,Sustainable Choice,3,2025-07-01T17:35:15.026317
generic-warranty-1-year,Enjoy peace of mind with a 12 month limited manufacturers warranty,379,uploads/features-and-benefits/Generic-Warranty-1-Year.png,class,24,Peace of Mind,4,2025-07-01T17:35:15.026318
generic-warranty-2-year,Enjoy peace of mind with a 24 month limited manufacturers warranty,380,uploads/features-and-benefits/Generic-Warranty-2-Year.png,class,24,Peace of Mind,5,2025-07-01T17:35:15.026319
generic-warranty-3-year,Enjoy peace of mind with a 3 year limited manufacturers warranty,381,uploads/features-and-benefits/Generic-Warranty-3-Year.png,class,24,Peace of Mind,6,2025-07-01T17:35:15.026321
generic-warranty-5-year,Enjoy peace of mind with a 5 year limited manufacturers warranty,382,uploads/features-and-benefits/Generic-Warranty-5-Year.png,class,24,Peace of Mind,7,2025-07-01T17:35:15.026322
generic-built-in-australia,Proudly built in Australia,383,uploads/features-and-benefits/Generic-Built-In-Australia.png,class,24,Built in Australia,8,2025-07-01T17:35:15.026324
generic-capacity-couples,Steamline your lifestyle with appliances perfect for small households,384,uploads/features-and-benefits/Generic-Capacity-Couples.png,class,24,Suitable for Couples,9,2025-07-01T17:35:15.026325
generic-capacity-small-family,Streamline your lifestyle with appliances designed for small families,385,uploads/features-and-benefits/Generic-Capacity-Small-Family.png,class,24,Suitable for Small Families,10,2025-07-01T17:35:15.026328
generic-capacity-medium-family,Streamline your lifestyle with appliances designed for busy families,386,uploads/features-and-benefits/Generic-Capacity-Medium-Family.png,class,24,Suitable for Medium Sized Families,11,2025-07-01T17:35:15.026330
generic-capacity-large-family,Streamline your lifestyle with appliances perfect for big families,387,uploads/features-and-benefits/Generic-Capacity-Large-Family.png,class,24,Suitable for Larger Families,12,2025-07-01T17:35:15.026331
generic-wifi,Ready to connect with your home Wi-Fi,388,uploads/features-and-benefits/Wifi.png,class,24,Built-in Wi-Fi,13,2025-07-01T17:35:15.026333
generic-value-for-money,Get great value without compromise,389,uploads/features-and-benefits/Generic-Value-For-Money.png,class,25,Value For Money,1,2025-07-01T17:35:15.824705
generic-water-sustainable-choice,Make the switch to sustainable appliances and reduce your water usage. ,390,uploads/features-and-benefits/Generic-Water-Sustainable-Choice.png,class,25,Sustainable Choice,2,2025-07-01T17:35:15.824722
generic-energy-sustainable-choice,Make the switch to sustainable appliances and reduce your energy use,391,uploads/features-and-benefits/Generic-Energy-Sustainable-Choice.png,class,25,Sustainable Choice,3,2025-07-01T17:35:15.824724
generic-warranty-1-year,Enjoy peace of mind with a 12 month limited manufacturers warranty,392,uploads/features-and-benefits/Generic-Warranty-1-Year.png,class,25,Peace of Mind,4,2025-07-01T17:35:15.824726
generic-warranty-2-year,Enjoy peace of mind with a 24 month limited manufacturers warranty,393,uploads/features-and-benefits/Generic-Warranty-2-Year.png,class,25,Peace of Mind,5,2025-07-01T17:35:15.824727
generic-warranty-3-year,Enjoy peace of mind with a 3 year limited manufacturers warranty,394,uploads/features-and-benefits/Generic-Warranty-3-Year.png,class,25,Peace of Mind,6,2025-07-01T17:35:15.824729
generic-warranty-5-year,Enjoy peace of mind with a 5 year limited manufacturers warranty,395,uploads/features-and-benefits/Generic-Warranty-5-Year.png,class,25,Peace of Mind,7,2025-07-01T17:35:15.824731
generic-built-in-australia,Proudly built in Australia,396,uploads/features-and-benefits/Generic-Built-In-Australia.png,class,25,Built in Australia,8,2025-07-01T17:35:15.824732
generic-capacity-couples,Steamline your lifestyle with appliances perfect for small households,397,uploads/features-and-benefits/Generic-Capacity-Couples.png,class,25,Suitable for Couples,9,2025-07-01T17:35:15.824734
generic-capacity-small-family,Streamline your lifestyle with appliances designed for small families,398,uploads/features-and-benefits/Generic-Capacity-Small-Family.png,class,25,Suitable for Small Families,10,2025-07-01T17:35:15.824736
generic-capacity-medium-family,Streamline your lifestyle with appliances designed for busy families,399,uploads/features-and-benefits/Generic-Capacity-Medium-Family.png,class,25,Suitable for Medium Sized Families,11,2025-07-01T17:35:15.824737
generic-capacity-large-family,Streamline your lifestyle with appliances perfect for big families,400,uploads/features-and-benefits/Generic-Capacity-Large-Family.png,class,25,Suitable for Larger Families,12,2025-07-01T17:35:15.824739
generic-wifi,Ready to connect with your home Wi-Fi,401,uploads/features-and-benefits/Wifi.png,class,25,Built-in Wi-Fi,13,2025-07-01T17:35:15.824740
generic-value-for-money,Get great value without compromise,402,uploads/features-and-benefits/Generic-Value-For-Money.png,class,27,Value For Money,1,2025-07-01T17:35:17.460540
generic-water-sustainable-choice,Make the switch to sustainable appliances and reduce your water usage. ,403,uploads/features-and-benefits/Generic-Water-Sustainable-Choice.png,class,27,Sustainable Choice,2,2025-07-01T17:35:17.460562
generic-energy-sustainable-choice,Make the switch to sustainable appliances and reduce your energy use,404,uploads/features-and-benefits/Generic-Energy-Sustainable-Choice.png,class,27,Sustainable Choice,3,2025-07-01T17:35:17.460567
generic-warranty-1-year,Enjoy peace of mind with a 12 month limited manufacturers warranty,405,uploads/features-and-benefits/Generic-Warranty-1-Year.png,class,27,Peace of Mind,4,2025-07-01T17:35:17.460570
generic-warranty-2-year,Enjoy peace of mind with a 24 month limited manufacturers warranty,406,uploads/features-and-benefits/Generic-Warranty-2-Year.png,class,27,Peace of Mind,5,2025-07-01T17:35:17.460574
generic-warranty-3-year,Enjoy peace of mind with a 3 year limited manufacturers warranty,407,uploads/features-and-benefits/Generic-Warranty-3-Year.png,class,27,Peace of Mind,6,2025-07-01T17:35:17.460577
generic-warranty-5-year,Enjoy peace of mind with a 5 year limited manufacturers warranty,408,uploads/features-and-benefits/Generic-Warranty-5-Year.png,class,27,Peace of Mind,7,2025-07-01T17:35:17.460581
generic-built-in-australia,Proudly built in Australia,409,uploads/features-and-benefits/Generic-Built-In-Australia.png,class,27,Built in Australia,8,2025-07-01T17:35:17.460584
generic-capacity-couples,Steamline your lifestyle with appliances perfect for small households,410,uploads/features-and-benefits/Generic-Capacity-Couples.png,class,27,Suitable for Couples,9,2025-07-01T17:35:17.460587
generic-capacity-small-family,Streamline your lifestyle with appliances designed for small families,411,uploads/features-and-benefits/Generic-Capacity-Small-Family.png,class,27,Suitable for Small Families,10,2025-07-01T17:35:17.460591
generic-capacity-medium-family,Streamline your lifestyle with appliances designed for busy families,412,uploads/features-and-benefits/Generic-Capacity-Medium-Family.png,class,27,Suitable for Medium Sized Families,11,2025-07-01T17:35:17.460594
generic-capacity-large-family,Streamline your lifestyle with appliances perfect for big families,413,uploads/features-and-benefits/Generic-Capacity-Large-Family.png,class,27,Suitable for Larger Families,12,2025-07-01T17:35:17.460597
generic-wifi,Ready to connect with your home Wi-Fi,414,uploads/features-and-benefits/Wifi.png,class,27,Built-in Wi-Fi,13,2025-07-01T17:35:17.460601
generic-value-for-money,Get great value without compromise,415,uploads/features-and-benefits/Generic-Value-For-Money.png,class,28,Value For Money,1,2025-07-01T17:35:18.262854
generic-water-sustainable-choice,Make the switch to sustainable appliances and reduce your water usage. ,416,uploads/features-and-benefits/Generic-Water-Sustainable-Choice.png,class,28,Sustainable Choice,2,2025-07-01T17:35:18.262891
generic-energy-sustainable-choice,Make the switch to sustainable appliances and reduce your energy use,417,uploads/features-and-benefits/Generic-Energy-Sustainable-Choice.png,class,28,Sustainable Choice,3,2025-07-01T17:35:18.262894
generic-warranty-1-year,Enjoy peace of mind with a 12 month limited manufacturers warranty,418,uploads/features-and-benefits/Generic-Warranty-1-Year.png,class,28,Peace of Mind,4,2025-07-01T17:35:18.262896
generic-warranty-2-year,Enjoy peace of mind with a 24 month limited manufacturers warranty,419,uploads/features-and-benefits/Generic-Warranty-2-Year.png,class,28,Peace of Mind,5,2025-07-01T17:35:18.262898
generic-warranty-3-year,Enjoy peace of mind with a 3 year limited manufacturers warranty,420,uploads/features-and-benefits/Generic-Warranty-3-Year.png,class,28,Peace of Mind,6,2025-07-01T17:35:18.262901
generic-warranty-5-year,Enjoy peace of mind with a 5 year limited manufacturers warranty,421,uploads/features-and-benefits/Generic-Warranty-5-Year.png,class,28,Peace of Mind,7,2025-07-01T17:35:18.262903
generic-built-in-australia,Proudly built in Australia,422,uploads/features-and-benefits/Generic-Built-In-Australia.png,class,28,Built in Australia,8,2025-07-01T17:35:18.262905
generic-capacity-couples,Steamline your lifestyle with appliances perfect for small households,423,uploads/features-and-benefits/Generic-Capacity-Couples.png,class,28,Suitable for Couples,9,2025-07-01T17:35:18.262907
generic-capacity-small-family,Streamline your lifestyle with appliances designed for small families,424,uploads/features-and-benefits/Generic-Capacity-Small-Family.png,class,28,Suitable for Small Families,10,2025-07-01T17:35:18.262910
generic-capacity-medium-family,Streamline your lifestyle with appliances designed for busy families,425,uploads/features-and-benefits/Generic-Capacity-Medium-Family.png,class,28,Suitable for Medium Sized Families,11,2025-07-01T17:35:18.262912
generic-capacity-large-family,Streamline your lifestyle with appliances perfect for big families,426,uploads/features-and-benefits/Generic-Capacity-Large-Family.png,class,28,Suitable for Larger Families,12,2025-07-01T17:35:18.262914
generic-wifi,Ready to connect with your home Wi-Fi,427,uploads/features-and-benefits/Wifi.png,class,28,Built-in Wi-Fi,13,2025-07-01T17:35:18.262916
